{"cameraMode":{"drawMode":0,"name":"Shaded","section":"Shading Mode"},"sceneLighting":true,"audioPlay":false,"sceneViewState":{"m_AlwaysRefresh":false,"showFog":true,"showSkybox":true,"showFlares":true,"showImageEffects":true,"showParticleSystems":true,"showVisualEffectGraphs":true,"m_FxEnabled":true},"in2DMode":false,"pivot":{"x":7.982485294342041,"y":9.673690795898438,"z":6.672643661499023},"rotation":{"x":0.0659438818693161,"y":0.016462789848446847,"z":-0.001089677563868463,"w":0.9977010488510132},"size":18.231739044189454,"orthographic":true}