{"cameraMode":{"drawMode":0,"name":"Shaded","section":"Shading Mode"},"sceneLighting":true,"audioPlay":false,"sceneViewState":{"m_AlwaysRefresh":false,"showFog":true,"showSkybox":true,"showFlares":true,"showImageEffects":true,"showParticleSystems":true,"showVisualEffectGraphs":true,"m_FxEnabled":true},"in2DMode":false,"pivot":{"x":5.731922626495361,"y":-7.372620105743408,"z":-17.714092254638673},"rotation":{"x":-0.054027948528528216,"y":-0.9459788799285889,"z":0.22580187022686006,"w":-0.22638602554798127},"size":12.620025634765625,"orthographic":false}