{"cameraMode":{"drawMode":0,"name":"Shaded","section":"Shading Mode"},"sceneLighting":true,"audioPlay":false,"sceneViewState":{"m_AlwaysRefresh":false,"showFog":true,"showSkybox":true,"showFlares":true,"showImageEffects":true,"showParticleSystems":true,"showVisualEffectGraphs":true,"m_FxEnabled":true},"in2DMode":false,"pivot":{"x":0.33096951246261599,"y":-32.55482482910156,"z":-3.6616907119750978},"rotation":{"x":0.7085659503936768,"y":-0.018824394792318345,"z":0.018917255103588105,"w":0.7051577568054199},"size":29.8983154296875,"orthographic":false}