{"cameraMode":{"drawMode":0,"name":"Shaded","section":"Shading Mode"},"sceneLighting":true,"audioPlay":false,"sceneViewState":{"m_AlwaysRefresh":false,"showFog":true,"showSkybox":true,"showFlares":true,"showImageEffects":true,"showParticleSystems":true,"showVisualEffectGraphs":true,"m_FxEnabled":true},"in2DMode":false,"pivot":{"x":476.98895263671877,"y":273.0455322265625,"z":113.44520568847656},"rotation":{"x":0.20992936193943025,"y":-0.0014675878919661046,"z":0.0003134721191599965,"w":0.9777299165725708},"size":385.3340759277344,"orthographic":true}