{"cameraMode":{"drawMode":0,"name":"Shaded","section":"Shading Mode"},"sceneLighting":true,"audioPlay":false,"sceneViewState":{"m_AlwaysRefresh":false,"showFog":true,"showSkybox":true,"showFlares":true,"showImageEffects":true,"showParticleSystems":true,"showVisualEffectGraphs":true,"m_FxEnabled":true},"in2DMode":false,"pivot":{"x":422.49639892578127,"y":-59.95417022705078,"z":91.60890197753906},"rotation":{"x":0.3535769283771515,"y":0.02244674414396286,"z":-0.008487270213663578,"w":0.9351010322570801},"size":889.6342163085938,"orthographic":false}